video_id,date,title,mp3_url
fbc-2023-11-29mw-overwhelmed-and-desolate-part-1,20231129,Overwhelmed And Desolate Part 1,http://fbcministries.net/sermons/Walk_Worthy/2023-11-29MW-Overwhelmed_And_Desolate_Part_1.mp3
fbc-2023-11-15mw-lessons-from-ruth,20231115,Lessons From Ruth,http://fbcministries.net/sermons/Ruth_Series/2023-11-15MW-Lessons_From_Ruth.mp3
fbc-2023-11-08mw-they-called-his-name-obed,20231108,They Called His Name Obed,http://fbcministries.net/sermons/Ruth_Series/2023-11-08MW-They_Called_His_Name_Obed.mp3
fbc-2023-11-01mw-boaz-completed-the-transaction,20231101,Boaz Completed The Transaction,http://fbcministries.net/sermons/Ruth_Series/2023-11-01MW-Boaz_Completed_The_Transaction.mp3
fbc-2023-10-25mw-i-will-do-to-thee-all-that-thou-requirest,20231025,I Will Do To Thee All That Thou Requirest,http://fbcministries.net/sermons/Ruth_Series/2023-10-25MW-I_Will_Do_To_Thee_All_That_Thou_Requirest.mp3
fbc-2023-09-06mw-handfuls-of-purpose,20230906,Handfuls Of Purpose,http://fbcministries.net/sermons/Ruth_Series/2023-09-06MW-Handfuls_Of_Purpose.mp3
fbc-2023-08-30mw-boaz-meets-ruth,20230830,Boaz Meets Ruth,http://fbcministries.net/sermons/Ruth_Series/2023-08-30MW-Boaz_Meets_Ruth.mp3
fbc-2023-08-23mw-ruth-in-the-field-of-boaz,20230823,Ruth In The Field Of Boaz,http://fbcministries.net/sermons/Ruth_Series/2023-08-23MW-Ruth_In_The_Field_Of_Boaz.mp3
fbc-2023-08-16mw-they-came-to-bethlehem,20230816,They Came To Bethlehem,http://fbcministries.net/sermons/Ruth_Series/2023-08-16MW-They_Came_To_Bethlehem.mp3
fbc-2023-08-09mw-ruth-made-her-choice,20230809,Ruth Made Her Choice,http://fbcministries.net/sermons/Ruth_Series/2023-08-09MW-Ruth_Made_Her_Choice.mp3
fbc-2023-04-12mw-the-lord-is-my-strong-refuge,20230412,The Lord Is My Strong Refuge,http://fbcministries.net/sermons/2023-04-12MW-The_Lord_Is_My_Strong_Refuge.mp3
fbc-2023-04-05mw-the-lord-is-my-hope,20230405,The Lord Is My Hope,http://fbcministries.net/sermons/2023-04-05MW-The_Lord_Is_My_Hope.mp3
fbc-2023-03-29mw-the-lord-is-my-fortress,20230329,The Lord Is My Fortress,http://fbcministries.net/sermons/2023-03-29MW-The_Lord_Is_My_Fortress.mp3
fbc-2023-03-23mw-the-lord-is-my-rock,20230323,The Lord Is My Rock,http://fbcministries.net/sermons/2023-03-23MW-The_Lord_Is_My_Rock.mp3
fbc-2023-03-01mw-the-end-is-peace,20230301,The End Is Peace,http://fbcministries.net/sermons/2023-03-01MW-The_End_Is_Peace.mp3
fbc-2023-02-15mw-our-divine-protector,20230215,Our Divine Protector,http://fbcministries.net/sermons/2023-02-15MW-Our_Divine_Protector.mp3
fbc-2023-02-08mw-the-law-of-his-god-is-in-his-heart,20230208,The Law Of His God Is In His Heart,http://fbcministries.net/sermons/2023-02-08MW-The_Law_Of_His_God_Is_In_His_Heart.mp3
fbc-2023-02-01mw-the-lord-forsaketh-not-his-saints,20230201,The Lord Forsaketh Not His Saints,http://fbcministries.net/sermons/2023-02-01MW-The_Lord_Forsaketh_Not_His_Saints.mp3
fbc-2023-01-25mw-a-recognition-of-gods-faithfulness,20230125,A Recognition Of Gods Faithfulness,http://fbcministries.net/sermons/2023-01-25MW-A_Recognition_Of_Gods_Faithfulness.mp3
fbc-2023-01-18mw-the-lord-upholdeth-him-with-his-hand,20230118,The Lord Upholdeth Him With His Hand,http://fbcministries.net/sermons/2023-01-18MW-The_Lord_Upholdeth_Him_With_His_Hand.mp3
fbc-2023-01-15pm-conviction-or-preference,20230115,Conviction Or Preference,http://fbcministries.net/sermons/2023-01-15PM-Conviction_Or_Preference.mp3
fbc-2023-01-11mw-the-generosity-of-the-righteous,20230111,The Generosity Of The Righteous,http://fbcministries.net/sermons/2023-01-11MW-The_Generosity_Of_The_Righteous.mp3
fbc-2023-01-08pm-when-ye-fast,20230108,When Ye Fast,http://fbcministries.net/sermons/2023-01-08PM-When_Ye_Fast.mp3
fbc-2023-01-04mw-the-lord-knoweth-your-days,20230104,The Lord Knoweth Your Days,http://fbcministries.net/sermons/2023-01-04MW-The_Lord_Knoweth_Your_Days.mp3
fbc-2022-12-28mw-preparation-for-a-new-year,20221228,Preparation For A New Year,http://fbcministries.net/sermons/2022-12-28MW-Preparation_For_A_New_Year.mp3
fbc-2022-12-25am-they-presented-unto-him-gifts,20221225,They Presented Unto Him Gifts,http://fbcministries.net/sermons/2022-12-25AM-They_Presented_Unto_Him_Gifts.mp3
fbc-2022-12-21mw-the-lord-upholdeth-the-righteous,20221221,The Lord Upholdeth The Righteous,http://fbcministries.net/sermons/2022-12-21MW-The_Lord_Upholdeth_The_Righteous.mp3
fbc-2022-12-18pm-they-shall-call-his-name-emmanuel,20221218,They Shall Call His Name Emmanuel,http://fbcministries.net/sermons/2022-12-18PM-They_Shall_Call_His_Name_Emmanuel.mp3
fbc-2022-12-14mw-when-less-is-more,20221214,When Less Is More,http://fbcministries.net/sermons/2022-12-14MW-When_Less_Is_More.mp3
fbc-2022-12-07mw-the-hostility-of-the-wicked,20221207,The Hostility Of The Wicked,http://fbcministries.net/sermons/2022-12-07MW-The_Hostility_Of_The_Wicked.mp3
fbc-2022-11-30mw-cease-from-anger,20221130,Cease From Anger,http://fbcministries.net/sermons/2022-11-30MW-Cease_From_Anger.mp3
fbc-2022-11-27pm-wherefore-then-serveth-the-law,20221127,Wherefore Then Serveth The Law,http://fbcministries.net/sermons/2022-11-27PM-Wherefore_Then_Serveth_The_Law.mp3
fbc-2022-11-16mw-rest-in-the-lord,20221116,Rest In The Lord,http://fbcministries.net/sermons/2022-11-16MW-Rest_In_The_Lord.mp3
fbc-2022-10-12mw-trust-in-the-lord-and-do-good,20221012,Trust In The Lord And Do Good,http://fbcministries.net/sermons/2022-10-12MW-Trust_In_The_Lord_And_Do_Good.mp3
fbc-2022-10-05mw-fret-not-thyself-because-of-evildoers,20221005,Fret Not Thyself Because Of Evildoers,http://fbcministries.net/sermons/2022-10-05MW-Fret_Not_Thyself_Because_Of_Evildoers.mp3
fbc-2022-09-14mw-the-power-of-ii-chronicles-7-14,20220914,The Power Of II Chronicles 7:14,http://fbcministries.net/sermons/2022-09-14MW-The_Power_Of_II_Chronicles_7:14.mp3
fbc-2022-09-07mw-the-actions-of-ii-chronicles-7-14,20220907,The Actions Of II Chronicles 7:14,http://fbcministries.net/sermons/2022-09-07MW-The_Actions_Of_II_Chronicles_7:14.mp3
fbc-2022-08-31mw-the-condition-of-ii-chronicles-7-14,20220831,The Condition Of II Chronicles 7:14,http://fbcministries.net/sermons/2022-08-31MW-The_Condition_Of_II_Chronicles_7:14.mp3
fbc-2022-08-28pm-the-indwelling-of-the-holy-spirit,20220828,The Indwelling Of The Holy Spirit,http://fbcministries.net/sermons/2022-08-28PM-The_Indwelling_Of_The_Holy_Spirit.mp3
fbc-2022-08-24mw-grace,20220824,Grace,http://fbcministries.net/sermons/2022-08-24MW-Grace.mp3
fbc-2022-08-17mw-my-fellowlabourers,20220817,My Fellowlabourers,http://fbcministries.net/sermons/2022-08-17MW-My_Fellowlabourers.mp3
fbc-2022-08-14pm-what-does-the-bible-say-about-ghosts,20220814,What Does The Bible Say About Ghosts,http://fbcministries.net/sermons/2022-08-14PM-What_Does_The_Bible_Say_About_Ghosts.mp3
fbc-2022-08-10mw-the-power-of-prayer,20220810,The Power Of Prayer,http://fbcministries.net/sermons/2022-08-10MW-The_Power_Of_Prayer.mp3
fbc-2022-08-03mw-confident-in-thy-obedience,20220803,Confident In Thy Obedience,http://fbcministries.net/sermons/2022-08-03MW-Confident_In_Thy_Obedience.mp3
fbc-2022-07-24pm-the-lords-throne-is-in-heaven,20220724,The Lords Throne Is In Heaven,http://fbcministries.net/sermons/2022-07-24PM-The_Lords_Throne_Is_In_Heaven.mp3
fbc-2022-07-20mw-put-that-on-mine-account,20220720,Put That On Mine Account,http://fbcministries.net/sermons/2022-07-20MW-Put_That_On_Mine_Account.mp3
fbc-2022-07-17pm-and-upon-the-first-day-of-the-week,20220717,And Upon The First Day Of The Week,http://fbcministries.net/sermons/2022-07-17PM-And_Upon_The_First_Day_Of_The_Week.mp3
fbc-2022-07-06mw-yet-for-loves-sake,20220706,Yet For Loves Sake,http://fbcministries.net/sermons/2022-07-06MW-Yet_For_Loves_Sake.mp3
fbc-2022-06-19pm-hear-learn-do,20220619,Hear Learn Do,http://fbcministries.net/sermons/2022-06-19PM-Hear_Learn_Do.mp3
fbc-2022-06-05pm-what-does-the-bible-say-about-purgatory,20220605,What Does The Bible Say About Purgatory,http://fbcministries.net/sermons/2022-06-05PM-What_Does_The_Bible_Say_About_Purgatory.mp3
fbc-2022-06-01mw-philemon-our-dearly-beloved,20220601,Philemon Our Dearly Beloved,http://fbcministries.net/sermons/2022-06-01MW-Philemon_Our_Dearly_Beloved.mp3
fbc-2022-05-18mw-for-the-gospels-sake,20220518,For The Gospels Sake,http://fbcministries.net/sermons/2022-05-18MW-For_The_Gospels_Sake.mp3
fbc-2022-05-04mw-lessons-in-the-valley-of-rephaim,20220504,Lessons In The Valley Of Rephaim,http://fbcministries.net/sermons/2022-05-04MW-Lessons_In_The_Valley_Of_Rephaim.mp3
fbc-2022-04-24pm-walk-in-newness-of-life,20220424,Walk In Newness Of Life,http://fbcministries.net/sermons/2022-04-24PM-Walk_In_Newness_Of_Life.mp3
fbc-2022-04-20mw-the-growth-of-the-thessalonians,20220420,The Growth Of The Thessalonians,http://fbcministries.net/sermons/2022-04-20MW-The_Growth_Of_The_Thessalonians.mp3
fbc-2022-04-06mw-learning-from-others-mistakes,20220406,Learning From Others Mistakes,http://fbcministries.net/sermons/2022-04-06MW-Learning_From_Others_Mistakes.mp3
fbc-2022-03-30mw-learning-from-your-mistakes,20220330,Learning From Your Mistakes,http://fbcministries.net/sermons/2022-03-30MW-Learning_From_Your_Mistakes.mp3
fbc-2022-03-16mw-the-classroom-of-loneliness,20220316,The Classroom Of Loneliness,http://fbcministries.net/sermons/2022-03-16MW-The_Classroom_Of_Loneliness.mp3
fbc-2022-02-16mw-tips-to-promote-learning,20220216,Tips To Promote Learning,http://fbcministries.net/sermons/2022-02-16MW-Tips_To_Promote_Learning.mp3
fbc-2022-01-19mw-teach-me,20220119,Teach Me,http://fbcministries.net/sermons/2022-01-19MW-Teach_Me.mp3
fbc-2021-12-19pm-simeon-was-waiting-for-the-promised-messiah,20211219,Simeon Was Waiting For The Promised Messiah,http://fbcministries.net/sermons/2021-12-19PM-Simeon_Was_Waiting_For_The_Promised_Messiah.mp3
fbc-2021-09-15mw-the-lord-is-with-him,20210915,The Lord Is With Him,http://fbcministries.net/sermons/2021-09-15MW-The_Lord_Is_With_Him.mp3
fbc-2020-03-29am-our-god-answers-prayer,20200329,Our God Answers Prayer,http://fbcministries.net/sermons/2020-03-29AM-Our_God_Answers_Prayer.mp3
fbc-2020-03-29pm-acknowledge-thine-iniquity,20200329,Acknowledge Thine Iniquity,http://fbcministries.net/sermons/2020-03-29PM-Acknowledge_Thine_Iniquity.mp3
fbc-2020-03-25mw-naaman-the-leper,20200325,Naaman The Leper,http://fbcministries.net/sermons/Elijah_And_Elisha_Series/2020-03-25MW-Naaman_The_Leper.mp3
fbc-2020-03-22am-he-will-deliver-thee,20200322,He Will Deliver Thee,http://fbcministries.net/sermons/2020-03-22AM-He_Will_Deliver_Thee.mp3
fbc-2020-03-18mw-the-blessing-of-peace,20200318,The Blessing Of Peace,http://fbcministries.net/sermons/2020-03-18MW-The_Blessing_Of_Peace.mp3
fbc-2020-03-15pm-draw-near-to-god,20200315,Draw Near To God,http://fbcministries.net/sermons/2020-03-15PM-Draw_Near_To_God.mp3
fbc-2020-03-15am-the-throne-of-grace,20200315,The Throne Of Grace,http://fbcministries.net/sermons/Hebrews_Series/2020-03-15AM-The_Throne_Of_Grace.mp3
fbc-2020-03-15ss-bibliology-part-2,20200315,Bibliology Part 2,http://fbcministries.net/sermons/Titus_Series/2020-03-15SS-Bibliology_Part_2.mp3
fbc-2020-03-11mw-provision-for-the-sons-of-the-prophets,20200311,Provision For The Sons Of The Prophets,http://fbcministries.net/sermons/Elijah_And_Elisha_Series/2020-03-11MW-Provision_For_The_Sons_Of_The_Prophets.mp3
fbc-2020-03-08pm-diminish-not-a-word,20200308,Diminish Not A Word,http://fbcministries.net/sermons/2020-03-08PM-Diminish_Not_A_Word.mp3
fbc-2020-03-08am-the-word-of-god-is-quick-and-powerful,20200308,The Word Of God Is Quick And Powerful,http://fbcministries.net/sermons/Hebrews_Series/2020-03-08AM-The_Word_Of_God_Is_Quick_And_Powerful.mp3
fbc-2020-03-08ss-bibliology-part-1,20200308,Bibliology Part 1,http://fbcministries.net/sermons/Titus_Series/2020-03-08SS-Bibliology_Part_1.mp3
fbc-2020-03-04mw-take-up-thy-son,20200304,Take Up Thy Son,http://fbcministries.net/sermons/2020-03-04MW-Take_Up_Thy_Son.mp3
fbc-2020-03-01am-hearing-and-believing,20200301,Hearing And Believing,http://fbcministries.net/sermons/Hebrews_Series/2020-03-01AM-Hearing_And_Believing.mp3
fbc-2020-03-01ss-sound-doctrine,20200301,Sound Doctrine,http://fbcministries.net/sermons/Titus_Series/2020-03-01SS-Sound_Doctrine.mp3
fbc-2020-02-26mw-provision-in-shunem,20200226,Provision In Shunem,http://fbcministries.net/sermons/Elijah_And_Elisha_Series/2020-02-26MW-Provision_In_Shunem.mp3
fbc-2020-02-23pm-he-first-loved-us,20200223,He First Loved Us,http://fbcministries.net/sermons/2020-02-23PM-He_First_Loved_Us.mp3
fbc-2020-02-23ss-rebuke-them-sharply,20200223,Rebuke Them Sharply,http://fbcministries.net/sermons/Titus_Series/2020-02-23SS-Rebuke_Them_Sharply.mp3
fbc-2020-02-19mw-just-a-pot-of-oil,20200219,Just A Pot Of Oil,http://fbcministries.net/sermons/Elijah_And_Elisha_Series/2020-02-19MW-Just_A_Pot_Of_Oil.mp3
fbc-2020-02-16pm-publish-glad-tidings,20200216,Publish Glad Tidings,http://fbcministries.net/sermons/2020-02-16PM-Publish_Glad_Tidings.mp3
fbc-2020-02-16am-more-glory-than-moses,20200216,More Glory Than Moses,http://fbcministries.net/sermons/Hebrews_Series/2020-02-16AM-More_Glory_Than_Moses.mp3
fbc-2020-02-16ss-qualifications-for-elders-part-2,20200216,Qualifications For Elders Part 2,http://fbcministries.net/sermons/Titus_Series/2020-02-16SS-Qualifications_For_Elders_Part_2.mp3
fbc-2020-02-12mw-make-this-valley-full-of-ditches,20200212,Make This Valley Full Of Ditches,http://fbcministries.net/sermons/Elijah_And_Elisha_Series/2020-02-12MW-Make_This_Valley_Full_Of_Ditches.mp3
fbc-2020-02-09pm-are-you-overwhelmed,20200209,Are You Overwhelmed,http://fbcministries.net/sermons/2020-02-09PM-Are_You_Overwhelmed.mp3
fbc-2020-02-09am-jesus-tasted-death-for-every-man,20200209,Jesus Tasted Death For Every Man,http://fbcministries.net/sermons/Hebrews_Series/2020-02-09AM-Jesus_Tasted_Death_For_Every_Man.mp3
fbc-2020-02-09ss-qualifications-for-elders,20200209,Qualifications For Elders,http://fbcministries.net/sermons/Titus_Series/2020-02-09SS-Qualifications_For_Elders.mp3
fbc-2020-02-05mw-i-have-healed-these-waters,20200205,I Have Healed These Waters,http://fbcministries.net/sermons/Elijah_And_Elisha_Series/2020-02-05MW-I_Have_Healed_These_Waters.mp3
fbc-2020-02-02pm-the-coming-of-the-lord-draweth-nigh,20200202,The Coming Of The Lord Draweth Nigh,http://fbcministries.net/sermons/2020-02-02PM-The_Coming_Of_The_Lord_Draweth_Nigh.mp3
fbc-2020-02-02ss-the-ministry-of-titus-in-crete,20200202,The Ministry Of Titus In Crete,http://fbcministries.net/sermons/Titus_Series/2020-02-02SS-The_Ministry_Of_Titus_In_Crete.mp3
fbc-2020-01-29mw-elisha-saw-it,20200129,Elisha Saw It,http://fbcministries.net/sermons/Elijah_And_Elisha_Series/2020-01-29MW-Elisha_Saw_It.mp3
fbc-2020-01-26am-christ-so-much-better-than-the-angels,20200126,Christ So Much Better Than The Angels,http://fbcministries.net/sermons/Hebrews_Series/2020-01-26AM-Christ_So_Much_Better_Than_The_Angels.mp3
fbc-2020-01-26ss-in-hope-of-eternal-life,20200126,In Hope Of Eternal Life,http://fbcministries.net/sermons/Titus_Series/2020-01-26SS-In_Hope_Of_Eternal_Life.mp3
fbc-2020-01-22mw-elisha-the-son-of-shaphat,20200122,Elisha The Son Of Shaphat,http://fbcministries.net/sermons/Elijah_And_Elisha_Series/2020-01-22MW-Elisha_The_Son_Of_Shaphat.mp3
fbc-2020-01-19am-our-glorious-saviour,20200119,Our Glorious Saviour,http://fbcministries.net/sermons/Hebrews_Series/2020-01-19AM-Our_Glorious_Saviour.mp3
fbc-2020-01-19ss-grounded-and-settled,20200119,Grounded And Settled,http://fbcministries.net/sermons/2020-01-19SS-Grounded_And_Settled.mp3
fbc-2020-01-15mw-elijah-went-up-by-a-whirlwind-into-heaven,20200115,Elijah Went Up By A Whirlwind Into Heaven,http://fbcministries.net/sermons/Elijah_And_Elisha_Series/2020-01-15MW-Elijah_Went_Up_By_A_Whirlwind_Into_Heaven.mp3
fbc-2020-01-12am-looking-unto-jesus,20200112,Looking Unto Jesus,http://fbcministries.net/sermons/Hebrews_Series/2020-01-12AM-Looking_Unto_Jesus.mp3
fbc-2020-01-12pm-2020-vision,20200112,2020 Vision,http://fbcministries.net/sermons/2020-01-12PM-2020_Vision.mp3
fbc-2020-01-08mw-the-fire-of-god-consumed-them,20200108,The Fire Of God Consumed Them,http://fbcministries.net/sermons/Elijah_And_Elisha_Series/2020-01-08MW-The_Fire_Of_God_Consumed_Them.mp3
fbc-2019-12-29pm-i-have-finished-my-course,20191229,I Have Finished My Course,http://fbcministries.net/sermons/2019-12-29PM-I_Have_Finished_My_Course.mp3
fbc-2019-12-29am-run-your-race,20191229,Run Your Race,http://fbcministries.net/sermons/2019-12-29AM-Run_Your_Race.mp3
fbc-2019-12-22pm-fell-down-and-worshipped-him,20191222,Fell Down And Worshipped Him,http://fbcministries.net/sermons/2019-12-22PM-Fell_Down_And_Worshipped_Him.mp3
fbc-2019-12-22am-the-word-was-made-flesh,20191222,The Word Was Made Flesh,http://fbcministries.net/sermons/2019-12-22AM-The_Word_Was_Made_Flesh.mp3
fbc-2019-12-22ss-the-prince-of-peace,20191222,The Prince Of Peace,http://fbcministries.net/sermons/2019-12-22SS-The_Prince_Of_Peace.mp3
fbc-2019-12-18mw-it-is-elijah-the-tishbite,20191218,It Is Elijah The Tishbite,http://fbcministries.net/sermons/Elijah_And_Elisha_Series/2019-12-18MW-It_Is_Elijah_The_Tishbite.mp3
fbc-2019-12-15am-the-ministry-of-tychicus,20191215,The Ministry Of Tychicus,http://fbcministries.net/sermons/2019-12-15AM-The_Ministry_Of_Tychicus.mp3
fbc-2019-12-11mw-elijahs-final-encounter-with-ahab,20191211,Elijahs Final Encounter With Ahab,http://fbcministries.net/sermons/Elijah_And_Elisha_Series/2019-12-11MW-Elijahs_Final_Encounter_With_Ahab.mp3
fbc-2019-12-08am-make-known-the-gospel,20191208,Make Known The Gospel,http://fbcministries.net/sermons/2019-12-08AM-Make_Known_The_Gospel.mp3
fbc-2019-12-04mw-elijah-requested-death,20191204,Elijah Requested Death,http://fbcministries.net/sermons/Elijah_And_Elisha_Series/2019-12-04MW-Elijah_Requested_Death.mp3
fbc-2019-12-01am-put-on-the-whole-armor-of-god,20191201,Put On The Whole Armor Of God,http://fbcministries.net/sermons/2019-12-01AM-Put_On_The_Whole_Armor_Of_God.mp3
fbc-2019-12-01ss-what-hast-thou-that-thou-didst-not-receive,20191201,What Hast Thou That Thou Didst Not Receive,http://fbcministries.net/sermons/2019-12-01SS-What_Hast_Thou_That_Thou_Didst_Not_Receive.mp3
fbc-2019-11-24ss-caleb-followed-the-lord,20191124,Caleb Followed The Lord,http://fbcministries.net/sermons/2019-11-24SS-Caleb_Followed_The_Lord.mp3
fbc-2019-11-13mw-jobs-ministry-to-others,20191113,Jobs Ministry To Others,http://fbcministries.net/sermons/2019-11-13MW-Jobs_Ministry_To_Others.mp3
fbc-2019-11-10ss-my-tongue-shall-speak-of-thy-word,20191110,My Tongue Shall Speak Of Thy Word,http://fbcministries.net/sermons/2019-11-10SS-My_Tongue_Shall_Speak_Of_Thy_Word.mp3
fbc-2019-11-10am-prepare-for-battle,20191110,Prepare For Battle,http://fbcministries.net/sermons/2019-11-10AM-Prepare_For_Battle.mp3
fbc-2019-11-06mw-a-sound-of-abundance-of-rain,20191106,A Sound Of Abundance Of Rain,http://fbcministries.net/sermons/Elijah_And_Elisha_Series/2019-11-06MW-A_Sound_Of_Abundance_Of_Rain.mp3
fbc-2019-11-03am-a-godly-testimony-in-the-workplace,20191103,A Godly Testimony In The Workplace,http://fbcministries.net/sermons/2019-11-03AM-A_Godly_Testimony_In_The_Workplace.mp3
fbc-2019-11-03ss-great-peace-have-they-which-love-thy-law,20191103,Great Peace Have They Which Love Thy Law,http://fbcministries.net/sermons/2019-11-03SS-Great_Peace_Have_They_Which_Love_Thy_Law.mp3
fbc-2019-10-30mw-the-fire-of-the-lord-fell,20191030,The Fire Of The Lord Fell,http://fbcministries.net/sermons/Elijah_And_Elisha_Series/2019-10-30MW-The_Fire_Of_The_Lord_Fell.mp3
fbc-2019-10-23mw-fellowlabourers,20191023,Fellowlabourers,http://fbcministries.net/sermons/2019-10-23MW-Fellowlabourers.mp3
fbc-2019-10-20pm-be-still,20191020,Be Still,http://fbcministries.net/sermons/2019-10-20PM-Be_Still.mp3
fbc-2019-10-20am-especially-the-parchments,20191020,Especially The Parchments,http://fbcministries.net/sermons/2019-10-20AM-Especially_The_Parchments.mp3
fbc-2019-10-20ss-a-plea-for-deliverance,20191020,A Plea For Deliverance,http://fbcministries.net/sermons/2019-10-20SS-A_Plea_For_Deliverance.mp3
fbc-2019-10-16mw-how-long-halt-ye-between-two-opinions,20191016,How Long Halt Ye Between Two Opinions,http://fbcministries.net/sermons/Elijah_And_Elisha_Series/2019-10-16MW-How_Long_Halt_Ye_Between_Two_Opinions.mp3
fbc-2019-10-13am-a-glorious-church,20191013,A Glorious Church,http://fbcministries.net/sermons/2019-10-13AM-A_Glorious_Church.mp3
fbc-2019-10-13ss-all-thy-commandments-are-truth,20191013,All Thy Commandments Are Truth,http://fbcministries.net/sermons/2019-10-13SS-All_Thy_Commandments_Are_Truth.mp3
fbc-2019-10-09mw-trouble-in-israel,20191009,Trouble In Israel,http://fbcministries.net/sermons/Elijah_And_Elisha_Series/2019-10-09MW-Trouble_In_Israel.mp3
fbc-2019-10-06am-revival-in-your-home,20191006,Revival In Your Home,http://fbcministries.net/sermons/2019-10-06AM-Revival_In_Your_Home.mp3
fbc-2019-10-06ss-thy-word-is-very-pure,20191006,Thy Word Is Very Pure,http://fbcministries.net/sermons/2019-10-06SS-Thy_Word_Is_Very_Pure.mp3
fbc-092219ss-thy-testimonies-are-wonderful,20190922,Thy Testimonies Are Wonderful,http://fbcministries.net/sermons/092219SS-Thy_Testimonies_Are_Wonderful.mp3
fbc-091819mw-thy-son-liveth,20190918,Thy Son Liveth,http://fbcministries.net/sermons/Elijah_And_Elisha_Series/091819MW-Thy_Son_Liveth.mp3
fbc-091519am-filled-with-the-spirit,20190915,Filled With The Spirit,http://fbcministries.net/sermons/091519AM-Filled_With_The_Spirit.mp3
fbc-091519ss-a-desire-to-see-god-work,20190915,A Desire To See God Work,http://fbcministries.net/sermons/091519SS-A_Desire_To_See_God_Work.mp3
fbc-091119mw-elijah-at-zarephath,20190911,Elijah At Zarephath,http://fbcministries.net/sermons/Elijah_And_Elisha_Series/091119MW-Elijah_At_Zarephath.mp3
fbc-090819am-walk-circumspectly,20190908,Walk Circumspectly,http://fbcministries.net/sermons/090819AM-Walk_Circumspectly.mp3
fbc-090819ss-thou-art-my-hiding-place,20190908,Thou Art My Hiding Place,http://fbcministries.net/sermons/090819SS-Thou_Art_My_Hiding_Place.mp3
fbc-090419mw-the-brook-dried-up,20190904,The Brook Dried Up,http://fbcministries.net/sermons/Elijah_And_Elisha_Series/090419MW-The_Brook_Dried_Up.mp3
fbc-090119am-walk-as-children-of-light,20190901,Walk As Children Of Light,http://fbcministries.net/sermons/090119AM-Walk_As_Children_Of_Light.mp3
fbc-090119ss-thy-word-is-a-lamp-unto-my-feet,20190901,Thy Word Is A Lamp Unto My Feet,http://fbcministries.net/sermons/090119SS-Thy_Word_Is_A_Lamp_Unto_My_Feet.mp3
fbc-082819mw-elijah-at-cherith,20190828,Elijah At Cherith,http://fbcministries.net/sermons/Elijah_And_Elisha_Series/082819MW-Elijah_At_Cherith.mp3
fbc-082519am-walk-in-love,20190825,Walk In Love,http://fbcministries.net/sermons/082519AM-Walk_In_Love.mp3
fbc-082119mw-elijah-the-tishbite,20190821,Elijah The Tishbite,http://fbcministries.net/sermons/Elijah_And_Elisha_Series/082119MW-Elijah_The_Tishbite.mp3
fbc-081819am-be-ye-kind,20190818,Be Ye Kind,http://fbcministries.net/sermons/081819AM-Be_Ye_Kind.mp3
fbc-081819ss-the-bible-stands,20190818,The Bible Stands,http://fbcministries.net/sermons/081819SS-The_Bible_Stands.mp3
fbc-081119am-speech-that-edifies,20190811,Speech That Edifies,http://fbcministries.net/sermons/081119AM-Speech_That_Edifies.mp3
fbc-081119ss-when-wilt-thou-comfort-me,20190811,When Wilt Thou Comfort Me,http://fbcministries.net/sermons/081119SS-When_Wilt_Thou_Comfort_Me.mp3
fbc-080719mw-some-things-to-remember-in-times-of-heaviness,20190807,Some Things To Remember In Times Of Heaviness,http://fbcministries.net/sermons/080719MW-Some_Things_To_Remember_In_Times_Of_Heaviness.mp3
fbc-080419am-the-value-of-work,20190804,The Value Of Work,http://fbcministries.net/sermons/080419AM-The_Value_Of_Work.mp3
fbc-080419ss-let-my-heart-be-sound-in-thy-statutes,20190804,Let My Heart Be Sound In Thy Statutes,http://fbcministries.net/sermons/080419SS-Let_My_Heart_Be_Sound_In_Thy_Statutes.mp3
fbc-073119mw-laboring-in-prayer,20190731,Laboring In Prayer,http://fbcministries.net/sermons/073119MW-Laboring_In_Prayer.mp3
fbc-072819am-the-word-of-the-lord-endureth-forever,20190728,The Word Of The Lord Endureth Forever,http://fbcministries.net/sermons/072819AM-The_Word_Of_The_Lord_Endureth_Forever.mp3
fbc-072819ss-lessons-through-affliction,20190728,Lessons Through Affliction,http://fbcministries.net/sermons/072819SS-Lessons_Through_Affliction.mp3
fbc-072119ss-allowing-his-word-to-direct-my-ways,20190721,Allowing His Word To Direct My Ways,http://fbcministries.net/sermons/072119SS-Allowing_His_Word_To_Direct_My_Ways.mp3
fbc-071719mw-the-wind-was-contrary,20190717,The Wind Was Contrary,http://fbcministries.net/sermons/071719MW-The_Wind_Was_Contrary.mp3
fbc-071419am-give-no-place-to-the-devil,20190714,Give No Place To The Devil,http://fbcministries.net/sermons/071419AM-Give_No_Place_To_The_Devil.mp3
fbc-071419ss-comfort-in-affliction,20190714,Comfort In Affliction,http://fbcministries.net/sermons/071419SS-Comfort_In_Affliction.mp3
fbc-071019mw-lift-up-your-eyes,20190710,Lift Up Your Eyes,http://fbcministries.net/sermons/071019MW-Lift_Up_Your_Eyes.mp3
fbc-070719am-be-ye-angry-and-sin-not,20190707,Be Ye Angry And Sin Not,http://fbcministries.net/sermons/070719AM-Be_Ye_Angry_And_Sin_Not.mp3
fbc-070719ss-i-trust-in-thy-word,20190707,I Trust In Thy Word,http://fbcministries.net/sermons/070719SS-I_Trust_In_Thy_Word.mp3
fbc-070319mw-he-will-help-you,20190703,He Will Help You,http://fbcministries.net/sermons/070319MW-He_Will_Help_You.mp3
fbc-063019ss-lifelong-obedience,20190630,Lifelong Obedience,http://fbcministries.net/sermons/063019SS-Lifelong_Obedience.mp3
fbc-063019am-speak-every-man-truth,20190630,Speak Every Man Truth,http://fbcministries.net/sermons/063019AM-Speak_Every_Man_Truth.mp3
fbc-062319am-im-different-now,20190623,Im Different Now,http://fbcministries.net/sermons/062319AM-Im_Different_Now.mp3
fbc-062319ss-cling-to-the-word,20190623,Cling To The Word,http://fbcministries.net/sermons/062319SS-Cling_To_The_Word.mp3
fbc-061919mw-he-is-able-to-succour-them-that-are-tempted,20190619,He Is Able To Succour Them That Are Tempted,http://fbcministries.net/sermons/061919MW-He_Is_Able_To_Succour_Them_That_Are_Tempted.mp3
fbc-061619am-david-charged-solomon-his-son,20190616,David Charged Solomon His Son,http://fbcministries.net/sermons/061619AM-David_Charged_Solomon_His_Son.mp3
fbc-061619ss-open-thou-mine-eyes,20190616,Open Thou Mine Eyes,http://fbcministries.net/sermons/061619SS-Open_Thou_Mine_Eyes.mp3
fbc-061219mw-having-obtained-help-of-god,20190612,Having Obtained Help Of God,http://fbcministries.net/sermons/061219MW-Having_Obtained_Help_Of_God.mp3
fbc-060919am-the-word-of-god-will-build-you-up,20190609,The Word Of God Will Build You Up,http://fbcministries.net/sermons/060919AM-The_Word_Of_God_Will_Build_You_Up.mp3
fbc-060919ss-let-me-not-wander-from-thy-commandments,20190609,Let Me Not Wander From Thy Commandments,http://fbcministries.net/sermons/060919SS-Let_Me_Not_Wander_From_Thy_Commandments.mp3
fbc-060519mw-have-mercy-on-me,20190605,Have Mercy On Me,http://fbcministries.net/sermons/060519MW-Have_Mercy_On_Me.mp3
fbc-052919mw-our-god-will-help,20190529,Our God Will Help,http://fbcministries.net/sermons/052919MW-Our_God_Will_Help.mp3
fbc-052619ss-commanded-to-obey,20190526,Commanded To Obey,http://fbcministries.net/sermons/052619SS-Commanded_To_Obey.mp3
fbc-051919pm-bring-them-in,20190519,Bring Them In,http://fbcministries.net/sermons/051919PM-Bring_Them_In.mp3
fbc-051219am-she-hid-him-three-months,20190512,She Hid Him Three Months,http://fbcministries.net/sermons/051219AM-She_Hid_Him_Three_Months.mp3
fbc-051219ss-how-shall-they-hear,20190512,How Shall They Hear,http://fbcministries.net/sermons/051219SS-How_Shall_They_Hear.mp3
fbc-050519pm-the-harvest-is-plenteous,20190505,The Harvest Is Plenteous,http://fbcministries.net/sermons/050519PM-The_Harvest_Is_Plenteous.mp3
fbc-050119mw-god-hath-power-to-help,20190501,God Hath Power To Help,http://fbcministries.net/sermons/050119MW-God_Hath_Power_To_Help.mp3
fbc-042819ss-the-salutation-of-paul,20190428,The Salutation Of Paul,http://fbcministries.net/sermons/042819SS-The_Salutation_Of_Paul.mp3
fbc-042419mw-thou-wilt-hear-and-help,20190424,Thou Wilt Hear And Help,http://fbcministries.net/sermons/042419MW-Thou_Wilt_Hear_And_Help.mp3
fbc-042119pm-thy-greatness,20190421,Thy Greatness,http://fbcministries.net/sermons/042119PM-Thy_Greatness.mp3
fbc-042119am-preached-through-jesus-the-resurrection-from-the-dead,20190421,Preached Through Jesus The Resurrection From The Dead,http://fbcministries.net/sermons/042119AM-Preached_Through_Jesus_The_Resurrection_From_The_Dead.mp3
fbc-041719mw-it-is-nothing-with-thee-to-help,20190417,It Is Nothing With Thee To Help,http://fbcministries.net/sermons/041719MW-It_Is_Nothing_With_Thee_To_Help.mp3
fbc-041419am-truly-this-man-was-the-son-of-god,20190414,Truly This Man Was The Son Of God,http://fbcministries.net/sermons/041419AM-Truly_This_Man_Was_The_Son_Of_God.mp3
fbc-041419ss-greetings-from-the-brethren,20190414,Greetings From The Brethren,http://fbcministries.net/sermons/041419SS-Greetings_From_The_Brethren.mp3
fbc-041019mw-i-am-helped,20190410,I Am Helped,http://fbcministries.net/sermons/041019MW-I_Am_Helped.mp3
fbc-040719pm-the-third-day,20190407,The Third Day,http://fbcministries.net/sermons/040719PM-The_Third_Day.mp3
fbc-040719ss-a-final-charge,20190407,A Final Charge,http://fbcministries.net/sermons/040719SS-A_Final_Charge.mp3
fbc-040319mw-the-lord-helped-us,20190403,The Lord Helped Us,http://fbcministries.net/sermons/040319MW-The_Lord_Helped_Us.mp3
fbc-033119am-unto-him-that-is-able,20190331,Unto Him That Is Able,http://fbcministries.net/sermons/033119AM-Unto_Him_That_Is_Able.mp3
fbc-033119ss-partners-in-the-ministry,20190331,Partners In The Ministry,http://fbcministries.net/sermons/033119SS-Partners_In_The_Ministry.mp3
fbc-032719mw-the-lord-is-my-helper,20190327,The Lord Is My Helper,http://fbcministries.net/sermons/032719MW-The_Lord_Is_My_Helper.mp3
fbc-032419am-the-unsearchable-riches-of-christ,20190324,The Unsearchable Riches Of Christ,http://fbcministries.net/sermons/032419AM-The_Unsearchable_Riches_Of_Christ.mp3
fbc-032419ss-open-doors,20190324,Open Doors,http://fbcministries.net/sermons/032419SS-Open_Doors.mp3
fbc-032019mw-it-is-worth-it,20190320,It Is Worth It,http://fbcministries.net/sermons/032019MW-It_Is_Worth_It.mp3
fbc-031719am-the-household-of-god,20190317,The Household Of God,http://fbcministries.net/sermons/031719AM-The_Household_Of_God.mp3
fbc-031719ss-the-collection-for-the-saints,20190317,The Collection For The Saints,http://fbcministries.net/sermons/031719SS-The_Collection_For_The_Saints.mp3
fbc-031319mw-that-ye-may-grow,20190313,That Ye May Grow,http://fbcministries.net/sermons/031319MW-That_Ye_May_Grow.mp3
